reseña_id,venta_id,client_id,puntuacion,comentario,fecha_reseña
RS-00001,C-002152,CL-09140,5,"Me encantó, lo recomiendo.",2025-08-08
RS-00002,C-000072,CL-00864,5,"Me encantó, lo recomiendo.",2025-07-16
RS-00003,C-004891,CL-02764,5,No era lo que esperaba.,2025-08-01
RS-00004,C-004675,CL-05292,5,"Me encantó, lo recomiendo.",2025-06-08
RS-00005,C-003819,CL-02512,5,Excelente atención al cliente.,2025-07-19
RS-00006,C-001549,CL-03394,4,Excelente atención al cliente.,2025-08-23
RS-00007,C-003179,CL-05079,2,Volveré a comprar sin duda.,2025-08-03
RS-00008,C-004388,CL-06094,3,Volveré a comprar sin duda.,2025-08-13
RS-00009,C-003745,CL-03879,4,No era lo que esperaba.,2025-06-16
RS-00010,C-004915,CL-08430,4,Tuve problemas con la entrega.,2025-08-28
RS-00011,C-002261,CL-08101,5,No era lo que esperaba.,2025-08-27
RS-00012,C-003047,CL-08227,4,La talla no era correcta.,2025-08-18
RS-00013,C-001518,CL-01230,4,Volveré a comprar sin duda.,2025-08-02
RS-00014,C-001274,CL-09948,3,La talla no era correcta.,2025-06-12
RS-00015,C-003785,CL-02188,5,El embalaje estaba dañado.,2025-08-06
RS-00016,C-000039,CL-01516,2,Volveré a comprar sin duda.,2025-07-11
RS-00017,C-003127,CL-06877,4,Precio justo y buena calidad.,2025-08-16
RS-00018,C-001186,CL-08060,5,Precio justo y buena calidad.,2025-06-22
RS-00019,C-003286,CL-04207,4,"Muy buen producto, llegó rápido.",2025-07-25
RS-00020,C-002593,CL-07436,2,"Muy buen producto, llegó rápido.",2025-08-18
RS-00021,C-000774,CL-08767,2,"Me encantó, lo recomiendo.",2025-08-23
RS-00022,C-002785,CL-06941,4,Tuve problemas con la entrega.,2025-08-22
RS-00023,C-003492,CL-08826,3,No era lo que esperaba.,2025-08-10
RS-00024,C-000234,CL-02547,4,Excelente atención al cliente.,2025-08-26
RS-00025,C-003416,CL-00215,5,Tuve problemas con la entrega.,2025-08-05
RS-00026,C-003110,CL-00931,5,Volveré a comprar sin duda.,2025-07-19
RS-00027,C-000673,CL-02772,4,Excelente atención al cliente.,2025-08-22
RS-00028,C-001609,CL-00004,5,Excelente atención al cliente.,2025-08-03
RS-00029,C-003438,CL-09012,3,Volveré a comprar sin duda.,2025-08-17
RS-00030,C-000841,CL-04258,5,"Todo perfecto, gracias.",2025-08-28
RS-00031,C-004027,CL-09627,5,"Todo perfecto, gracias.",2025-07-30
RS-00032,C-001923,CL-01787,5,Excelente atención al cliente.,2025-07-13
RS-00033,C-000077,CL-07182,4,El embalaje estaba dañado.,2025-07-20
RS-00034,C-000385,CL-09124,3,Precio justo y buena calidad.,2025-08-18
RS-00035,C-004136,CL-04755,5,Tuve problemas con la entrega.,2025-06-30
RS-00036,C-003537,CL-01015,5,No era lo que esperaba.,2025-08-25
RS-00037,C-002170,CL-06336,5,"Muy buen producto, llegó rápido.",2025-07-14
RS-00038,C-002902,CL-09421,5,Tuve problemas con la entrega.,2025-06-08
RS-00039,C-001391,CL-01600,5,"Me encantó, lo recomiendo.",2025-08-10
RS-00040,C-002830,CL-04084,5,El embalaje estaba dañado.,2025-08-26
RS-00041,C-000387,CL-06537,1,Precio justo y buena calidad.,2025-08-14
RS-00042,C-003151,CL-05655,5,No era lo que esperaba.,2025-08-18
RS-00043,C-004195,CL-01362,4,La talla no era correcta.,2025-07-10
RS-00044,C-004059,CL-05700,5,Excelente atención al cliente.,2025-08-13
RS-00045,C-003484,CL-08280,4,"Muy buen producto, llegó rápido.",2025-08-05
RS-00046,C-001297,CL-00972,3,No era lo que esperaba.,2025-08-22
RS-00047,C-001941,CL-09155,4,No era lo que esperaba.,2025-08-26
RS-00048,C-003921,CL-00365,4,Excelente atención al cliente.,2025-08-01
RS-00049,C-004013,CL-03945,4,"Muy buen producto, llegó rápido.",2025-08-15
RS-00050,C-002759,CL-08243,4,Excelente atención al cliente.,2025-07-15
RS-00051,C-002374,CL-09150,5,"Me encantó, lo recomiendo.",2025-08-01
RS-00052,C-003135,CL-08902,5,El embalaje estaba dañado.,2025-08-23
RS-00053,C-004499,CL-05009,4,"Muy buen producto, llegó rápido.",2025-08-08
RS-00054,C-004030,CL-08621,2,El embalaje estaba dañado.,2025-07-25
RS-00055,C-002563,CL-05264,5,"Muy buen producto, llegó rápido.",2025-06-20
RS-00056,C-003902,CL-01080,1,La talla no era correcta.,2025-07-31
RS-00057,C-002414,CL-05992,4,"Muy buen producto, llegó rápido.",2025-08-19
RS-00058,C-001023,CL-05008,2,No era lo que esperaba.,2025-08-28
RS-00059,C-002252,CL-02011,4,El embalaje estaba dañado.,2025-08-24
RS-00060,C-004084,CL-03720,5,"Me encantó, lo recomiendo.",2025-07-21
RS-00061,C-003905,CL-06391,3,El embalaje estaba dañado.,2025-07-29
RS-00062,C-000557,CL-01985,5,Precio justo y buena calidad.,2025-08-17
RS-00063,C-001983,CL-01880,2,"Todo perfecto, gracias.",2025-07-02
RS-00064,C-001076,CL-01673,5,Tuve problemas con la entrega.,2025-08-18
RS-00065,C-003647,CL-05617,5,No era lo que esperaba.,2025-08-13
RS-00066,C-003107,CL-07750,3,La talla no era correcta.,2025-07-21
RS-00067,C-002210,CL-09907,5,Precio justo y buena calidad.,2025-08-07
RS-00068,C-002761,CL-08110,4,"Todo perfecto, gracias.",2025-08-17
RS-00069,C-001114,CL-07245,5,"Muy buen producto, llegó rápido.",2025-08-17
RS-00070,C-004197,CL-00244,5,"Me encantó, lo recomiendo.",2025-07-30
RS-00071,C-003550,CL-02237,5,Volveré a comprar sin duda.,2025-07-30
RS-00072,C-001696,CL-09021,5,El embalaje estaba dañado.,2025-08-05
RS-00073,C-002837,CL-08636,5,No era lo que esperaba.,2025-08-28
RS-00074,C-002442,CL-05798,4,"Me encantó, lo recomiendo.",2025-07-12
RS-00075,C-004554,CL-07764,5,Volveré a comprar sin duda.,2025-08-24
RS-00076,C-004632,CL-02633,4,No era lo que esperaba.,2025-08-23
RS-00077,C-003467,CL-08290,5,Precio justo y buena calidad.,2025-07-06
RS-00078,C-002789,CL-01326,5,"Me encantó, lo recomiendo.",2025-07-16
RS-00079,C-002522,CL-08073,5,La talla no era correcta.,2025-08-21
RS-00080,C-003600,CL-01374,3,El embalaje estaba dañado.,2025-08-11
RS-00081,C-003106,CL-04897,5,"Me encantó, lo recomiendo.",2025-07-21
RS-00082,C-002892,CL-05991,2,"Me encantó, lo recomiendo.",2025-08-15
RS-00083,C-004605,CL-02039,5,Precio justo y buena calidad.,2025-07-08
RS-00084,C-001237,CL-01130,5,"Me encantó, lo recomiendo.",2025-08-12
RS-00085,C-003770,CL-05041,3,El embalaje estaba dañado.,2025-06-22
RS-00086,C-000090,CL-00998,5,No era lo que esperaba.,2025-06-22
RS-00087,C-002083,CL-01905,5,El embalaje estaba dañado.,2025-07-12
RS-00088,C-000454,CL-09333,2,"Muy buen producto, llegó rápido.",2025-07-09
RS-00089,C-000450,CL-09366,5,Excelente atención al cliente.,2025-07-13
RS-00090,C-000539,CL-08239,5,La talla no era correcta.,2025-08-25
RS-00091,C-000748,CL-06072,1,Precio justo y buena calidad.,2025-08-08
RS-00092,C-003836,CL-08706,4,Volveré a comprar sin duda.,2025-07-24
RS-00093,C-001808,CL-03758,5,La talla no era correcta.,2025-08-20
RS-00094,C-003826,CL-01891,3,"Todo perfecto, gracias.",2025-08-11
RS-00095,C-001798,CL-01042,5,El embalaje estaba dañado.,2025-07-27
RS-00096,C-003994,CL-09028,2,"Me encantó, lo recomiendo.",2025-08-23
RS-00097,C-000942,CL-05739,5,La talla no era correcta.,2025-07-08
RS-00098,C-001710,CL-03574,5,No era lo que esperaba.,2025-07-07
RS-00099,C-004152,CL-01133,5,Precio justo y buena calidad.,2025-07-22
RS-00100,C-004558,CL-06135,5,"Me encantó, lo recomiendo.",2025-08-20
